year,total_sales,total_power_cost,operating_profit
2025,0.0,5079.2832,-5079.2832
2026,9986.647786701058,11704.4352,-1717.7874132989418
2027,23012.7101171807,11704.4352,11308.2749171807
2028,23012.7101171807,11759.6448,11253.0653171807
2029,23121.260636601364,11704.4352,11416.825436601364
2030,23012.7101171807,11704.4352,11308.2749171807
2031,23012.7101171807,0.0,23012.7101171807
