year,total_sales,total_power_cost,operating_profit
2025,0.0,5147.960832,-5147.960832
2026,11734.311146963395,11862.692352,-128.38120503660502
2027,27039.934382133037,11862.692352,15177.242030133037
2028,27039.934382133037,11918.648448,15121.285934133037
2029,27167.481242426118,11862.692352,15304.788890426118
2030,27039.934382133037,11862.692352,15177.242030133037
2031,27039.934382133037,0.0,27039.934382133037
