year,btc_revenue_accrual,etc_revenue_accrual,btc_power_cost,etc_power_cost,total_revenue,total_power_cost,operating_profit
2025,9986.647772927616,1.3773443244485296e-05,3755.808,1323.4751999999999,9986.64778670106,5079.2832,4907.36458670106
2026,23012.710085441897,3.173880399816177e-05,8654.688,3049.7472,23012.7101171807,11704.4352,11308.2749171807
2027,23012.710085441897,3.173880399816177e-05,8654.688,3049.7472,23012.7101171807,11704.4352,11308.2749171807
2028,23121.26060471285,3.188851533777574e-05,8695.512,3064.1328,23121.260636601364,11759.6448,11361.615836601364
2029,23012.710085441897,3.173880399816177e-05,8654.688,3049.7472,23012.7101171807,11704.4352,11308.2749171807
2030,23012.710085441897,3.173880399816177e-05,8654.688,3049.7472,23012.7101171807,11704.4352,11308.2749171807
