year,btc_revenue_accrual,etc_revenue_accrual,btc_power_cost,etc_power_cost,total_revenue,total_power_cost,operating_profit
2025,11734.31113318995,1.3773443244485296e-05,3824.485632,1323.4751999999999,11734.311146963395,5147.960832,6586.350314963395
2026,27039.934350394233,3.173880399816177e-05,8812.945152,3049.7472,27039.934382133037,11862.692352,15177.242030133037
2027,27039.934350394233,3.173880399816177e-05,8812.945152,3049.7472,27039.934382133037,11862.692352,15177.242030133037
2028,27167.481210537604,3.188851533777574e-05,8854.515648,3064.1328,27167.481242426118,11918.648448,15248.832794426118
2029,27039.934350394233,3.173880399816177e-05,8812.945152,3049.7472,27039.934382133037,11862.692352,15177.242030133037
2030,27039.934350394233,3.173880399816177e-05,8812.945152,3049.7472,27039.934382133037,11862.692352,15177.242030133037
